channelId,channelTitle,title,publishedAt,videoId,date
UCyh91eTE9jA3ykg8W3_v3DQ,衛生福利部疾病管制署,2020/3/23 14:00 中央流行疫情指揮中心嚴重特殊傳染性肺炎記者會,2020-03-23T07:48:43Z,jP-HD0IaLgE,2020-03-23
UCyh91eTE9jA3ykg8W3_v3DQ,衛生福利部疾病管制署,2021/1/29 14:00 中央流行疫情指揮中心嚴重特殊傳染性肺炎記者會,2021-01-29T06:50:03Z,zAIzIafDMAA,2021-01-29
UCyh91eTE9jA3ykg8W3_v3DQ,衛生福利部疾病管制署,2020/2/6 14:00 中央流行疫情指揮中心嚴重特殊傳染性肺炎記者會,2020-02-06T07:11:40Z,xBSfE3XZ3Hs,2020-02-06
UCyh91eTE9jA3ykg8W3_v3DQ,衛生福利部疾病管制署,2020/5/30 13:00 中央流行疫情指揮中心嚴重特殊傳染性肺炎記者會,2020-05-30T05:23:06Z,3LDEUicqjlA,2020-05-30
UCyh91eTE9jA3ykg8W3_v3DQ,衛生福利部疾病管制署,2020/5/2 14:00 中央流行疫情指揮中心嚴重特殊傳染性肺炎記者會,2020-05-02T07:36:23Z,RSJjoHvX0UU,2020-05-02
UCyh91eTE9jA3ykg8W3_v3DQ,衛生福利部疾病管制署,2020/3/20 16:00 中央流行疫情指揮中心嚴重特殊傳染性肺炎記者會,2020-03-20T09:49:20Z,fvuCjpDLH1U,2020-03-20
UCyh91eTE9jA3ykg8W3_v3DQ,衛生福利部疾病管制署,2021/2/5 14:00 中央流行疫情指揮中心嚴重特殊傳染性肺炎記者會,2021-02-05T07:06:46Z,SLMJIV6ncBI,2021-02-05
UCyh91eTE9jA3ykg8W3_v3DQ,衛生福利部疾病管制署,2020/3/26 14:00 中央流行疫情指揮中心嚴重特殊傳染性肺炎記者會,2020-03-26T07:59:16Z,A2t0VnzEGZ4,2020-03-26
UCyh91eTE9jA3ykg8W3_v3DQ,衛生福利部疾病管制署,2020/6/3 14:00 中央流行疫情指揮中心嚴重特殊傳染性肺炎記者會,2020-06-03T06:34:04Z,8hVs7_awK9U,2020-06-03
UCyh91eTE9jA3ykg8W3_v3DQ,衛生福利部疾病管制署,2021/1/27 14:00 中央流行疫情指揮中心嚴重特殊傳染性肺炎記者會,2021-01-27T07:16:30Z,ePwN3rrFj9A,2021-01-27
UCyh91eTE9jA3ykg8W3_v3DQ,衛生福利部疾病管制署,2021/2/1 14:00 中央流行疫情指揮中心嚴重特殊傳染性肺炎記者會,2021-02-01T06:58:22Z,jTX5sZthvVA,2021-02-01
UCyh91eTE9jA3ykg8W3_v3DQ,衛生福利部疾病管制署,2020/6/1 14:00 中央流行疫情指揮中心嚴重特殊傳染性肺炎記者會,2020-06-01T06:42:58Z,RzdwWKXWvAc,2020-06-01
UCyh91eTE9jA3ykg8W3_v3DQ,衛生福利部疾病管制署,2021/1/31 14:00 中央流行疫情指揮中心嚴重特殊傳染性肺炎記者會,2021-01-31T07:00:07Z,nk3bo11GG4I,2021-01-31
UCyh91eTE9jA3ykg8W3_v3DQ,衛生福利部疾病管制署,2020/5/26 14:00 中央流行疫情指揮中心嚴重特殊傳染性肺炎記者會,2020-05-26T07:29:43Z,cF1QjuIRq0U,2020-05-26
UCyh91eTE9jA3ykg8W3_v3DQ,衛生福利部疾病管制署,2020/2/6 21:30 中央流行疫情指揮中心嚴重特殊傳染性肺炎記者會,2020-02-06T14:13:34Z,r1DtR8J2mhQ,2020-02-06
UCyh91eTE9jA3ykg8W3_v3DQ,衛生福利部疾病管制署,2021/2/6 14:00 中央流行疫情指揮中心嚴重特殊傳染性肺炎記者會,2021-02-06T06:38:40Z,a5DrJJKpAbk,2021-02-06
UCyh91eTE9jA3ykg8W3_v3DQ,衛生福利部疾病管制署,2021/3/10 14:00 中央流行疫情指揮中心嚴重特殊傳染性肺炎記者會,2021-03-10T06:37:37Z,rcnq7yGdE38,2021-03-10
UCyh91eTE9jA3ykg8W3_v3DQ,衛生福利部疾病管制署,2020/4/15 14:00 中央流行疫情指揮中心嚴重特殊傳染性肺炎記者會,2020-04-15T07:05:26Z,TY4Ql46wN3k,2020-04-15
UCyh91eTE9jA3ykg8W3_v3DQ,衛生福利部疾病管制署,2020/3/6 13:30 中央流行疫情指揮中心嚴重特殊傳染性肺炎記者會,2020-03-06T06:25:41Z,V4YeIHASjQs,2020-03-06
UCyh91eTE9jA3ykg8W3_v3DQ,衛生福利部疾病管制署,2021/1/13 14:00 中央流行疫情指揮中心嚴重特殊傳染性肺炎記者會,2021-01-13T07:22:34Z,IWjgYJpCNV0,2021-01-13
UCyh91eTE9jA3ykg8W3_v3DQ,衛生福利部疾病管制署,2021/1/24 14:00 中央流行疫情指揮中心嚴重特殊傳染性肺炎記者會,2021-01-24T07:02:59Z,9Dc-erQo6y0,2021-01-24
UCyh91eTE9jA3ykg8W3_v3DQ,衛生福利部疾病管制署,2020/4/10 14:00 中央流行疫情指揮中心嚴重特殊傳染性肺炎記者會,2020-04-10T06:57:11Z,MK021V-TOVM,2020-04-10
UCyh91eTE9jA3ykg8W3_v3DQ,衛生福利部疾病管制署,2020/2/22 10:00 中央流行疫情指揮中心嚴重特殊傳染性肺炎記者會,2020-02-22T02:56:01Z,IlHkmi7bWQ4,2020-02-22
UCyh91eTE9jA3ykg8W3_v3DQ,衛生福利部疾病管制署,2020/5/24 13:30 中央流行疫情指揮中心嚴重特殊傳染性肺炎記者會,2020-05-24T06:10:11Z,CRx6THpb24A,2020-05-24
UCyh91eTE9jA3ykg8W3_v3DQ,衛生福利部疾病管制署,2020/2/7 17:30 中央流行疫情指揮中心嚴重特殊傳染性肺炎記者會,2020-02-07T10:33:27Z,DIMJ_-YSkNI,2020-02-07
UCyh91eTE9jA3ykg8W3_v3DQ,衛生福利部疾病管制署,2020/2/21 13:30 中央流行疫情指揮中心嚴重特殊傳染性肺炎記者會,2020-02-21T06:16:31Z,Ab9RawKUmUw,2020-02-21
UCyh91eTE9jA3ykg8W3_v3DQ,衛生福利部疾病管制署,2020/3/8 14:00 中央流行疫情指揮中心嚴重特殊傳染性肺炎記者會,2020-03-08T07:29:18Z,a5caoZgFW_E,2020-03-08
UCyh91eTE9jA3ykg8W3_v3DQ,衛生福利部疾病管制署,2020/3/22 15:00 中央流行疫情指揮中心嚴重特殊傳染性肺炎記者會,2020-03-22T08:40:44Z,1vLra56gRak,2020-03-22
UCyh91eTE9jA3ykg8W3_v3DQ,衛生福利部疾病管制署,2020/3/2 14:00 中央流行疫情指揮中心嚴重特殊傳染性肺炎記者會,2020-03-02T07:13:26Z,SzcbCqSNQ7o,2020-03-02
UCyh91eTE9jA3ykg8W3_v3DQ,衛生福利部疾病管制署,2020/12/9 14:00 中央流行疫情指揮中心嚴重特殊傳染性肺炎記者會,2020-12-09T07:02:37Z,C4zCgWUfv14,2020-12-09
UCyh91eTE9jA3ykg8W3_v3DQ,衛生福利部疾病管制署,2021/2/25 14:00 中央流行疫情指揮中心嚴重特殊傳染性肺炎記者會,2021-02-25T06:30:14Z,xkPifepCXSw,2021-02-25
UCyh91eTE9jA3ykg8W3_v3DQ,衛生福利部疾病管制署,2020/2/27 15:30 中央流行疫情指揮中心嚴重特殊傳染性肺炎記者會,2020-02-27T09:12:37Z,VfVtjXQBzP0,2020-02-27
UCyh91eTE9jA3ykg8W3_v3DQ,衛生福利部疾病管制署,2020/2/3 中央流行疫情指揮中心嚴重特殊傳染性肺炎記者會,2020-02-03T10:30:16Z,iZGaYRbWoJI,2020-02-03
UCyh91eTE9jA3ykg8W3_v3DQ,衛生福利部疾病管制署,2020/4/8 14:00 中央流行疫情指揮中心嚴重特殊傳染性肺炎記者會,2020-04-08T07:13:24Z,haU-ucoXNuM,2020-04-08
UCyh91eTE9jA3ykg8W3_v3DQ,衛生福利部疾病管制署,2020/11/11 14:00 中央流行疫情指揮中心嚴重特殊傳染性肺炎記者會,2020-11-11T06:52:33Z,m0XZl6Tz2H0,2020-11-11
UCyh91eTE9jA3ykg8W3_v3DQ,衛生福利部疾病管制署,2020/1/26 中央流行疫情指揮中心嚴重特殊傳染性肺炎記者會,2020-01-26T04:30:48Z,ipv5JbRwnmE,2020-01-26
UCyh91eTE9jA3ykg8W3_v3DQ,衛生福利部疾病管制署,2020/10/7 14:00 中央流行疫情指揮中心嚴重特殊傳染性肺炎記者會,2020-10-07T06:46:40Z,KzKUMoNWmWI,2020-10-07
UCyh91eTE9jA3ykg8W3_v3DQ,衛生福利部疾病管制署,2020/5/12 14:00 中央流行疫情指揮中心嚴重特殊傳染性肺炎記者會,2020-05-12T06:44:18Z,s_HfPzDEm64,2020-05-12
UCyh91eTE9jA3ykg8W3_v3DQ,衛生福利部疾病管制署,2020/2/20 16:00 中央流行疫情指揮中心嚴重特殊傳染性肺炎記者會,2020-02-20T09:10:12Z,SEeyQaDV8JE,2020-02-20
UCyh91eTE9jA3ykg8W3_v3DQ,衛生福利部疾病管制署,2020/5/13 14:00 中央流行疫情指揮中心嚴重特殊傳染性肺炎記者會,2020-05-13T06:53:47Z,QiuzUUl4Shc,2020-05-13
UCyh91eTE9jA3ykg8W3_v3DQ,衛生福利部疾病管制署,2020/5/23 13:00 中央流行疫情指揮中心嚴重特殊傳染性肺炎記者會,2020-05-23T05:18:26Z,z4O3WFpu8S8,2020-05-23
UCyh91eTE9jA3ykg8W3_v3DQ,衛生福利部疾病管制署,2020/4/6 14:00 中央流行疫情指揮中心嚴重特殊傳染性肺炎記者會,2020-04-06T07:13:51Z,fCUizeurM54,2020-04-06
UCyh91eTE9jA3ykg8W3_v3DQ,衛生福利部疾病管制署,2020/2/29 14:00 中央流行疫情指揮中心嚴重特殊傳染性肺炎記者會,2020-02-29T07:02:39Z,dTuC3L_bQU8,2020-02-29
UCyh91eTE9jA3ykg8W3_v3DQ,衛生福利部疾病管制署,2021/2/20 14:00 中央流行疫情指揮中心嚴重特殊傳染性肺炎記者會,2021-02-20T06:26:24Z,J_nLGzCEuys,2021-02-20
UCyh91eTE9jA3ykg8W3_v3DQ,衛生福利部疾病管制署,2021/1/22 14:00 中央流行疫情指揮中心嚴重特殊傳染性肺炎記者會,2021-01-22T07:10:00Z,fplx4U-r7VQ,2021-01-22
UCyh91eTE9jA3ykg8W3_v3DQ,衛生福利部疾病管制署,2020/5/25 14:00 中央流行疫情指揮中心嚴重特殊傳染性肺炎記者會,2020-05-25T06:34:56Z,bOzexG52BJY,2020-05-25
UCyh91eTE9jA3ykg8W3_v3DQ,衛生福利部疾病管制署,2021/2/14 14:00 中央流行疫情指揮中心嚴重特殊傳染性肺炎記者會,2021-02-14T06:21:53Z,B6IRetKibxA,2021-02-14
UCyh91eTE9jA3ykg8W3_v3DQ,衛生福利部疾病管制署,2020/3/9 14:00 中央流行疫情指揮中心嚴重特殊傳染性肺炎記者會,2020-03-09T07:25:51Z,AwcE0Ba7F70,2020-03-09
UCyh91eTE9jA3ykg8W3_v3DQ,衛生福利部疾病管制署,2020/1/31 中央流行疫情指揮中心嚴重特殊傳染性肺炎記者會,2020-01-31T12:05:34Z,JQOD0aPV2nQ,2020-01-31
UCyh91eTE9jA3ykg8W3_v3DQ,衛生福利部疾病管制署,2020/6/17 14:00 中央流行疫情指揮中心嚴重特殊傳染性肺炎記者會,2020-06-17T07:02:52Z,21ZrN_Cz_l8,2020-06-17
UCyh91eTE9jA3ykg8W3_v3DQ,衛生福利部疾病管制署,2020/2/4 中央流行疫情指揮中心嚴重特殊傳染性肺炎記者會,2020-02-04T07:35:34Z,5IdLndaC_NA,2020-02-04
UCyh91eTE9jA3ykg8W3_v3DQ,衛生福利部疾病管制署,2020/5/27 14:00 中央流行疫情指揮中心嚴重特殊傳染性肺炎記者會,2020-05-27T06:46:21Z,QundlbdHOps,2020-05-27
UCyh91eTE9jA3ykg8W3_v3DQ,衛生福利部疾病管制署,2020/5/11 14:00 中央流行疫情指揮中心嚴重特殊傳染性肺炎記者會,2020-05-11T07:14:24Z,IAiRfMCRYBQ,2020-05-11
UCyh91eTE9jA3ykg8W3_v3DQ,衛生福利部疾病管制署,2021/2/17 14:00 中央流行疫情指揮中心嚴重特殊傳染性肺炎記者會,2021-02-17T06:37:14Z,xOo8SI3YFcQ,2021-02-17
UCyh91eTE9jA3ykg8W3_v3DQ,衛生福利部疾病管制署,2020/5/8 14:00 中央流行疫情指揮中心嚴重特殊傳染性肺炎記者會,2020-05-08T06:35:57Z,aXPM9tjwbRQ,2020-05-08
UCyh91eTE9jA3ykg8W3_v3DQ,衛生福利部疾病管制署,2021/3/8 14:00 中央流行疫情指揮中心嚴重特殊傳染性肺炎記者會,2021-03-08T06:42:38Z,fi_OPLuMn5M,2021-03-08
UCyh91eTE9jA3ykg8W3_v3DQ,衛生福利部疾病管制署,2021/1/12 14:00 中央流行疫情指揮中心嚴重特殊傳染性肺炎記者會,2021-01-12T07:18:59Z,DXxIl0hRM1I,2021-01-12
UCyh91eTE9jA3ykg8W3_v3DQ,衛生福利部疾病管制署,2020/3/12 15:00 中央流行疫情指揮中心嚴重特殊傳染性肺炎記者會,2020-03-12T08:18:06Z,aK05JGTqDM0,2020-03-12
UCyh91eTE9jA3ykg8W3_v3DQ,衛生福利部疾病管制署,2020/5/18 14:00 中央流行疫情指揮中心嚴重特殊傳染性肺炎記者會,2020-05-18T07:00:53Z,06b1XoLXJwg,2020-05-18
UCyh91eTE9jA3ykg8W3_v3DQ,衛生福利部疾病管制署,2020/5/20 14:00 中央流行疫情指揮中心嚴重特殊傳染性肺炎記者會,2020-05-20T06:36:39Z,eE20UvgAjtY,2020-05-20
UCyh91eTE9jA3ykg8W3_v3DQ,衛生福利部疾病管制署,2020/2/15 14:00 中央流行疫情指揮中心嚴重特殊傳染性肺炎記者會,2020-02-15T07:06:04Z,lJTUBt3kXbY,2020-02-15
UCyh91eTE9jA3ykg8W3_v3DQ,衛生福利部疾病管制署,2020/5/7 14:00 中央流行疫情指揮中心嚴重特殊傳染性肺炎記者會,2020-05-07T06:43:19Z,e5GFswteXKE,2020-05-07
UCyh91eTE9jA3ykg8W3_v3DQ,衛生福利部疾病管制署,2021/1/17 15:00 中央流行疫情指揮中心嚴重特殊傳染性肺炎記者會,2021-01-17T08:10:58Z,LvGoNhe2lXw,2021-01-17
UCyh91eTE9jA3ykg8W3_v3DQ,衛生福利部疾病管制署,2020/5/3 14:00 中央流行疫情指揮中心嚴重特殊傳染性肺炎記者會,2020-05-03T06:57:35Z,VodYVFu3sSc,2020-05-03
UCyh91eTE9jA3ykg8W3_v3DQ,衛生福利部疾病管制署,2020/2/4 中央流行疫情指揮中心嚴重特殊傳染性肺炎記者會,2020-02-04T13:07:09Z,J4qD96gt31w,2020-02-04
UCyh91eTE9jA3ykg8W3_v3DQ,衛生福利部疾病管制署,2020/1/24 中央流行疫情指揮中心嚴重特殊傳染性肺炎記者會,2020-01-24T11:54:37Z,B0QWzK_ScYY,2020-01-24
UCyh91eTE9jA3ykg8W3_v3DQ,衛生福利部疾病管制署,2021/2/15 14:00 中央流行疫情指揮中心嚴重特殊傳染性肺炎記者會,2021-02-15T06:21:16Z,2svkHBlUFBo,2021-02-15
UCyh91eTE9jA3ykg8W3_v3DQ,衛生福利部疾病管制署,2020/3/3 13:30 中央流行疫情指揮中心嚴重特殊傳染性肺炎記者會,2020-03-03T06:33:39Z,Bqnb0TMwXsg,2020-03-03
UCyh91eTE9jA3ykg8W3_v3DQ,衛生福利部疾病管制署,2020/5/29 14:00 中央流行疫情指揮中心嚴重特殊傳染性肺炎記者會,2020-05-29T06:38:38Z,pyuSvilI4Vs,2020-05-29
UCyh91eTE9jA3ykg8W3_v3DQ,衛生福利部疾病管制署,2020/3/25 14:00 中央流行疫情指揮中心嚴重特殊傳染性肺炎記者會,2020-03-25T07:06:38Z,bVv-u2bcV_g,2020-03-25
UCyh91eTE9jA3ykg8W3_v3DQ,衛生福利部疾病管制署,2020/4/27 14:00 中央流行疫情指揮中心嚴重特殊傳染性肺炎記者會,2020-04-27T07:04:12Z,PAO2u1DBhx4,2020-04-27
UCyh91eTE9jA3ykg8W3_v3DQ,衛生福利部疾病管制署,2020/2/8 21:00 中央流行疫情指揮中心嚴重特殊傳染性肺炎記者會,2020-02-08T14:01:04Z,YUFpvgdg6lg,2020-02-08
UCyh91eTE9jA3ykg8W3_v3DQ,衛生福利部疾病管制署,2020/6/24 17:30 中央流行疫情指揮中心嚴重特殊傳染性肺炎記者會,2020-06-24T09:49:28Z,0FRBppQWU50,2020-06-24
UCyh91eTE9jA3ykg8W3_v3DQ,衛生福利部疾病管制署,2020/3/14 14:00 中央流行疫情指揮中心嚴重特殊傳染性肺炎記者會,2020-03-14T07:24:56Z,wf60NJ7G-W0,2020-03-14
UCyh91eTE9jA3ykg8W3_v3DQ,衛生福利部疾病管制署,2021/1/19 14:00 中央流行疫情指揮中心嚴重特殊傳染性肺炎記者會,2021-01-19T07:13:51Z,oHVoU1nV0fg,2021-01-19
UCyh91eTE9jA3ykg8W3_v3DQ,衛生福利部疾病管制署,2020/2/10 14:00 中央流行疫情指揮中心嚴重特殊傳染性肺炎記者會,2020-02-10T06:46:16Z,OdNa1zb38e0,2020-02-10
UCyh91eTE9jA3ykg8W3_v3DQ,衛生福利部疾病管制署,2020/3/18 10:30 中央流行疫情指揮中心嚴重特殊傳染性肺炎記者會,2020-03-18T04:25:35Z,sZTy8NGi31Y,2020-03-18
UCyh91eTE9jA3ykg8W3_v3DQ,衛生福利部疾病管制署,2020/3/15 14:00 中央流行疫情指揮中心嚴重特殊傳染性肺炎記者會,2020-03-15T07:29:33Z,WbbTdozn_os,2020-03-15
UCyh91eTE9jA3ykg8W3_v3DQ,衛生福利部疾病管制署,2021/2/19 14:00 中央流行疫情指揮中心嚴重特殊傳染性肺炎記者會,2021-02-19T06:32:04Z,E76CUUAZ9L8,2021-02-19
UCyh91eTE9jA3ykg8W3_v3DQ,衛生福利部疾病管制署,2020/3/4 14:00 中央流行疫情指揮中心嚴重特殊傳染性肺炎記者會,2020-03-04T07:37:29Z,Zuad2jyrOEw,2020-03-04
UCyh91eTE9jA3ykg8W3_v3DQ,衛生福利部疾病管制署,2020/2/10 20:00 中央流行疫情指揮中心嚴重特殊傳染性肺炎記者會,2020-02-10T12:49:56Z,GfrIEhwPtow,2020-02-10
UCyh91eTE9jA3ykg8W3_v3DQ,衛生福利部疾病管制署,2020/8/26 14:00 中央流行疫情指揮中心嚴重特殊傳染性肺炎記者會,2020-08-26T07:03:09Z,dgv77xiBbEc,2020-08-26
UCyh91eTE9jA3ykg8W3_v3DQ,衛生福利部疾病管制署,2020/5/15 14:00 中央流行疫情指揮中心嚴重特殊傳染性肺炎記者會,2020-05-15T06:39:30Z,6p65hh2lftg,2020-05-15
UCyh91eTE9jA3ykg8W3_v3DQ,衛生福利部疾病管制署,2020/7/24 14:00 中央流行疫情指揮中心嚴重特殊傳染性肺炎記者會,2020-07-24T06:24:59Z,t1AzfnqyfoM,2020-07-24
UCyh91eTE9jA3ykg8W3_v3DQ,衛生福利部疾病管制署,2020/12/28 14:00 中央流行疫情指揮中心嚴重特殊傳染性肺炎記者會,2020-12-28T06:41:19Z,ltajewJLG38,2020-12-28
UCyh91eTE9jA3ykg8W3_v3DQ,衛生福利部疾病管制署,2020/12/22 19:00 中央流行疫情指揮中心嚴重特殊傳染性肺炎記者會,2020-12-22T11:51:24Z,7Xjmc4ytvq8,2020-12-22
UCyh91eTE9jA3ykg8W3_v3DQ,衛生福利部疾病管制署,2020/4/26 14:00 中央流行疫情指揮中心嚴重特殊傳染性肺炎記者會,2020-04-26T07:18:19Z,aIqEjArn2nQ,2020-04-26
UCyh91eTE9jA3ykg8W3_v3DQ,衛生福利部疾病管制署,2020/3/18 14:30 中央流行疫情指揮中心嚴重特殊傳染性肺炎記者會,2020-03-18T08:47:38Z,CiyvTnsSlfA,2020-03-18
UCyh91eTE9jA3ykg8W3_v3DQ,衛生福利部疾病管制署,2021/2/18 14:00 中央流行疫情指揮中心嚴重特殊傳染性肺炎記者會,2021-02-18T06:46:01Z,F2mKb659u5o,2021-02-18
UCyh91eTE9jA3ykg8W3_v3DQ,衛生福利部疾病管制署,2020/1/24 中央流行疫情指揮中心嚴重特殊傳染性肺炎記者會,2020-01-24T07:56:28Z,ivX0MGipG_U,2020-01-24
UCyh91eTE9jA3ykg8W3_v3DQ,衛生福利部疾病管制署,2021/2/7 14:00 中央流行疫情指揮中心嚴重特殊傳染性肺炎記者會,2021-02-07T07:01:51Z,7S69FJYmr3g,2021-02-07
UCyh91eTE9jA3ykg8W3_v3DQ,衛生福利部疾病管制署,2020/2/14 16:00 中央流行疫情指揮中心嚴重特殊傳染性肺炎記者會,2020-02-14T08:55:16Z,PzBBffiIM6A,2020-02-14
UCyh91eTE9jA3ykg8W3_v3DQ,衛生福利部疾病管制署,2020/3/29 14:00 中央流行疫情指揮中心嚴重特殊傳染性肺炎記者會,2020-03-29T07:03:38Z,F29BAgVxUuw,2020-03-29
UCyh91eTE9jA3ykg8W3_v3DQ,衛生福利部疾病管制署,2021/3/3 14:00 中央流行疫情指揮中心嚴重特殊傳染性肺炎記者會,2021-03-03T06:51:08Z,D6IjEgrT6JY,2021-03-03
UCyh91eTE9jA3ykg8W3_v3DQ,衛生福利部疾病管制署,2020/6/10 14:00 中央流行疫情指揮中心嚴重特殊傳染性肺炎記者會,2020-06-10T06:33:01Z,7NDare8QOBQ,2020-06-10
UCyh91eTE9jA3ykg8W3_v3DQ,衛生福利部疾病管制署,2021/1/28 14:00 中央流行疫情指揮中心嚴重特殊傳染性肺炎記者會,2021-01-28T06:39:40Z,nBORFRPkqXU,2021-01-28
UCyh91eTE9jA3ykg8W3_v3DQ,衛生福利部疾病管制署,2020/4/2 14:00 中央流行疫情指揮中心嚴重特殊傳染性肺炎記者會,2020-04-02T07:45:16Z,PFqFizmL1GE,2020-04-02
UCyh91eTE9jA3ykg8W3_v3DQ,衛生福利部疾病管制署,2020/9/30 14:00 中央流行疫情指揮中心嚴重特殊傳染性肺炎記者會,2020-09-30T06:28:08Z,tcLdBVwjIzQ,2020-09-30
UCyh91eTE9jA3ykg8W3_v3DQ,衛生福利部疾病管制署,2021/2/2 14:00 中央流行疫情指揮中心嚴重特殊傳染性肺炎記者會,2021-02-02T06:51:29Z,kXryy33VDLU,2021-02-02
UCyh91eTE9jA3ykg8W3_v3DQ,衛生福利部疾病管制署,2020/4/14 14:00 中央流行疫情指揮中心嚴重特殊傳染性肺炎記者會,2020-04-14T07:12:08Z,Kee03Rm3cic,2020-04-14
UCyh91eTE9jA3ykg8W3_v3DQ,衛生福利部疾病管制署,2020/5/1 14:00 中央流行疫情指揮中心嚴重特殊傳染性肺炎記者會,2020-05-01T06:26:35Z,lj0D8viTKkg,2020-05-01
UCyh91eTE9jA3ykg8W3_v3DQ,衛生福利部疾病管制署,2021/2/4 14:00 中央流行疫情指揮中心嚴重特殊傳染性肺炎記者會,2021-02-04T06:43:48Z,GbSvff45zvk,2021-02-04
UCyh91eTE9jA3ykg8W3_v3DQ,衛生福利部疾病管制署,2020/4/6 10:00 中央流行疫情指揮中心嚴重特殊傳染性肺炎記者會,2020-04-06T02:38:45Z,4jLeYGPwO0U,2020-04-06
UCyh91eTE9jA3ykg8W3_v3DQ,衛生福利部疾病管制署,2020/4/4 14:00 中央流行疫情指揮中心嚴重特殊傳染性肺炎記者會,2020-04-04T07:27:41Z,Z61ZnclZ9BE,2020-04-04
UCyh91eTE9jA3ykg8W3_v3DQ,衛生福利部疾病管制署,2021/1/18 14:00 中央流行疫情指揮中心嚴重特殊傳染性肺炎記者會,2021-01-18T07:02:33Z,knXST7CL654,2021-01-18
UCyh91eTE9jA3ykg8W3_v3DQ,衛生福利部疾病管制署,2020/4/24 14:00 中央流行疫情指揮中心嚴重特殊傳染性肺炎記者會,2020-04-24T07:02:31Z,OCCLOSpOtiM,2020-04-24
UCyh91eTE9jA3ykg8W3_v3DQ,衛生福利部疾病管制署,2020/3/1 14:00 中央流行疫情指揮中心嚴重特殊傳染性肺炎記者會,2020-03-01T07:04:22Z,FbkuxQFI6Vs,2020-03-01
UCyh91eTE9jA3ykg8W3_v3DQ,衛生福利部疾病管制署,2020/1/25 中央流行疫情指揮中心嚴重特殊傳染性肺炎記者會,2020-01-25T06:57:09Z,VR88HJLFTKU,2020-01-25
UCyh91eTE9jA3ykg8W3_v3DQ,衛生福利部疾病管制署,2020/4/17 14:00 中央流行疫情指揮中心嚴重特殊傳染性肺炎記者會,2020-04-17T06:49:07Z,nh5mXHswe9Y,2020-04-17
UCyh91eTE9jA3ykg8W3_v3DQ,衛生福利部疾病管制署,2020/5/10 14:00 中央流行疫情指揮中心嚴重特殊傳染性肺炎記者會,2020-05-10T06:30:48Z,GpSno0LWR2o,2020-05-10
UCyh91eTE9jA3ykg8W3_v3DQ,衛生福利部疾病管制署,2020/2/8 10:00 中央流行疫情指揮中心嚴重特殊傳染性肺炎記者會,2020-02-08T02:35:00Z,DIRLYs44g9k,2020-02-08
UCyh91eTE9jA3ykg8W3_v3DQ,衛生福利部疾病管制署,2021/1/14 14:00 中央流行疫情指揮中心嚴重特殊傳染性肺炎記者會,2021-01-14T06:42:36Z,5_6nqvwtAN8,2021-01-14
UCyh91eTE9jA3ykg8W3_v3DQ,衛生福利部疾病管制署,2020/11/30 15:30 中央流行疫情指揮中心嚴重特殊傳染性肺炎記者會,2020-11-30T08:25:56Z,1w3HTGF9kDQ,2020-11-30
UCyh91eTE9jA3ykg8W3_v3DQ,衛生福利部疾病管制署,2020/6/7 14:00 中央流行疫情指揮中心嚴重特殊傳染性肺炎記者會,2020-06-07T06:58:22Z,EqANuY3nIxM,2020-06-07
UCyh91eTE9jA3ykg8W3_v3DQ,衛生福利部疾病管制署,2020/3/5 19:30 中央流行疫情指揮中心嚴重特殊傳染性肺炎記者會,2020-03-05T13:04:34Z,6sZ4jcZ36sg,2020-03-05
UCyh91eTE9jA3ykg8W3_v3DQ,衛生福利部疾病管制署,2020/1/29 中央流行疫情指揮中心嚴重特殊傳染性肺炎記者會,2020-01-29T07:23:25Z,5jpZN0Q9lGg,2020-01-29
UCyh91eTE9jA3ykg8W3_v3DQ,衛生福利部疾病管制署,2021/2/9 14:00 中央流行疫情指揮中心嚴重特殊傳染性肺炎記者會,2021-02-09T07:20:36Z,-AF0B1NOJ7o,2021-02-09
UCyh91eTE9jA3ykg8W3_v3DQ,衛生福利部疾病管制署,2020/2/28 14:00 中央流行疫情指揮中心嚴重特殊傳染性肺炎記者會,2020-02-28T07:04:02Z,d1zt7WNvPW0,2020-02-28
UCyh91eTE9jA3ykg8W3_v3DQ,衛生福利部疾病管制署,2020/5/9 14:00 中央流行疫情指揮中心嚴重特殊傳染性肺炎記者會,2020-05-09T07:18:19Z,u0uCyj4Glsg,2020-05-09
UCyh91eTE9jA3ykg8W3_v3DQ,衛生福利部疾病管制署,2020/2/26 13:30 中央流行疫情指揮中心嚴重特殊傳染性肺炎記者會,2020-02-26T06:35:11Z,kR9xwVC36m0,2020-02-26
UCyh91eTE9jA3ykg8W3_v3DQ,衛生福利部疾病管制署,2020/4/3 14:00 中央流行疫情指揮中心嚴重特殊傳染性肺炎記者會,2020-04-03T07:34:31Z,oNHK-36O8Xc,2020-04-03
UCyh91eTE9jA3ykg8W3_v3DQ,衛生福利部疾病管制署,2020/5/5 14:00 中央流行疫情指揮中心嚴重特殊傳染性肺炎記者會,2020-05-05T06:53:42Z,JgYWOu6OcDI,2020-05-05
UCyh91eTE9jA3ykg8W3_v3DQ,衛生福利部疾病管制署,2020/12/23 14:00 中央流行疫情指揮中心嚴重特殊傳染性肺炎記者會,2020-12-23T07:11:00Z,yAcK7CBLq9U,2020-12-23
UCyh91eTE9jA3ykg8W3_v3DQ,衛生福利部疾病管制署,2020/3/17 15:00 中央流行疫情指揮中心嚴重特殊傳染性肺炎記者會,2020-03-17T09:10:29Z,xljD6Ms_qpo,2020-03-17
UCyh91eTE9jA3ykg8W3_v3DQ,衛生福利部疾病管制署,2020/5/21 14:00 中央流行疫情指揮中心嚴重特殊傳染性肺炎記者會,2020-05-21T06:44:43Z,sm5Hpj7k_6s,2020-05-21
UCyh91eTE9jA3ykg8W3_v3DQ,衛生福利部疾病管制署,2020/3/31 14:00 中央流行疫情指揮中心嚴重特殊傳染性肺炎記者會,2020-03-31T07:39:57Z,RWqzymfq4MU,2020-03-31
UCyh91eTE9jA3ykg8W3_v3DQ,衛生福利部疾病管制署,2021/1/6 14:10 中央流行疫情指揮中心嚴重特殊傳染性肺炎記者會,2021-01-06T07:32:37Z,vwiej1uD9S4,2021-01-06
UCyh91eTE9jA3ykg8W3_v3DQ,衛生福利部疾病管制署,2020/4/19 14:00 中央流行疫情指揮中心嚴重特殊傳染性肺炎記者會,2020-04-19T07:18:24Z,Ba3U3I0tTAc,2020-04-19
UCyh91eTE9jA3ykg8W3_v3DQ,衛生福利部疾病管制署,2020/4/9 14:00 中央流行疫情指揮中心嚴重特殊傳染性肺炎記者會,2020-04-09T07:09:41Z,dXIk7G91WHU,2020-04-09
UCyh91eTE9jA3ykg8W3_v3DQ,衛生福利部疾病管制署,2020/2/9 14:00 中央流行疫情指揮中心嚴重特殊傳染性肺炎記者會,2020-02-09T06:34:24Z,x5ONNn--1is,2020-02-09
UCyh91eTE9jA3ykg8W3_v3DQ,衛生福利部疾病管制署,2020/2/5 中央流行疫情指揮中心嚴重特殊傳染性肺炎記者會,2020-02-05T08:08:46Z,zT68PxGsYpo,2020-02-05
UCyh91eTE9jA3ykg8W3_v3DQ,衛生福利部疾病管制署,2021/1/20 14:00 中央流行疫情指揮中心嚴重特殊傳染性肺炎記者會,2021-01-20T07:06:51Z,FN5Xn--WgCk,2021-01-20
UCyh91eTE9jA3ykg8W3_v3DQ,衛生福利部疾病管制署,2020/4/5 14:00 中央流行疫情指揮中心嚴重特殊傳染性肺炎記者會,2020-04-05T07:39:29Z,tTOs3_hIdbg,2020-04-05
UCyh91eTE9jA3ykg8W3_v3DQ,衛生福利部疾病管制署,2020/3/11 10:00 中央流行疫情指揮中心嚴重特殊傳染性肺炎記者會,2020-03-11T03:16:30Z,f3z2k3bl_0Q,2020-03-11
UCyh91eTE9jA3ykg8W3_v3DQ,衛生福利部疾病管制署,2021/2/8 14:00 中央流行疫情指揮中心嚴重特殊傳染性肺炎記者會,2021-02-08T06:51:01Z,k3MnBIQtFEc,2021-02-08
UCyh91eTE9jA3ykg8W3_v3DQ,衛生福利部疾病管制署,2020/6/2 14:00 中央流行疫情指揮中心嚴重特殊傳染性肺炎記者會,2020-06-02T06:44:59Z,q97hl1_OwuM,2020-06-02
UCyh91eTE9jA3ykg8W3_v3DQ,衛生福利部疾病管制署,2020/9/23 14:00 中央流行疫情指揮中心嚴重特殊傳染性肺炎記者會,2020-09-23T06:46:21Z,SPgwbEkOFM8,2020-09-23
UCyh91eTE9jA3ykg8W3_v3DQ,衛生福利部疾病管制署,2020/3/16 16:30 中央流行疫情指揮中心嚴重特殊傳染性肺炎記者會,2020-03-16T10:35:20Z,Xf-Ja4XiyOY,2020-03-16
UCyh91eTE9jA3ykg8W3_v3DQ,衛生福利部疾病管制署,2020/5/17 14:00 中央流行疫情指揮中心嚴重特殊傳染性肺炎記者會,2020-05-17T06:57:20Z,2l2GPv4LVnE,2020-05-17
UCyh91eTE9jA3ykg8W3_v3DQ,衛生福利部疾病管制署,2020/5/19 14:00 中央流行疫情指揮中心嚴重特殊傳染性肺炎記者會,2020-05-19T06:50:24Z,ZKqd5mfmLQg,2020-05-19
UCyh91eTE9jA3ykg8W3_v3DQ,衛生福利部疾病管制署,2020/7/15 14:00 中央流行疫情指揮中心嚴重特殊傳染性肺炎記者會,2020-07-15T06:38:08Z,-NBpVdgb6gQ,2020-07-15
UCyh91eTE9jA3ykg8W3_v3DQ,衛生福利部疾病管制署,2020/9/16 14:00 中央流行疫情指揮中心嚴重特殊傳染性肺炎記者會,2020-09-16T06:51:39Z,1br6_n63Jos,2020-09-16
UCyh91eTE9jA3ykg8W3_v3DQ,衛生福利部疾病管制署,2020/1/31 中央流行疫情指揮中心嚴重特殊傳染性肺炎記者會,2020-01-31T07:14:08Z,dXKJI__D6sE,2020-01-31
UCyh91eTE9jA3ykg8W3_v3DQ,衛生福利部疾病管制署,2020/2/2 中央流行疫情指揮中心嚴重特殊傳染性肺炎記者會,2020-02-02T12:11:02Z,xGepbAa9Qp8,2020-02-02
UCyh91eTE9jA3ykg8W3_v3DQ,衛生福利部疾病管制署,2020/12/16 14:00 中央流行疫情指揮中心嚴重特殊傳染性肺炎記者會,2020-12-16T06:56:47Z,Ku-uSeMRUW0,2020-12-16
UCyh91eTE9jA3ykg8W3_v3DQ,衛生福利部疾病管制署,2020/12/24 14:00 中央流行疫情指揮中心嚴重特殊傳染性肺炎記者會,2020-12-24T06:36:45Z,41PDJw64Z8w,2020-12-24
UCyh91eTE9jA3ykg8W3_v3DQ,衛生福利部疾病管制署,2020/3/24 14:00 中央流行疫情指揮中心嚴重特殊傳染性肺炎記者會,2020-03-24T07:42:34Z,6PTpVUthohQ,2020-03-24
UCyh91eTE9jA3ykg8W3_v3DQ,衛生福利部疾病管制署,2020/9/2 14:00 中央流行疫情指揮中心嚴重特殊傳染性肺炎記者會,2020-09-02T06:43:10Z,ohLVygNRzag,2020-09-02
UCyh91eTE9jA3ykg8W3_v3DQ,衛生福利部疾病管制署,2020/1/23 中央流行疫情指揮中心嚴重特殊傳染性肺炎記者會,2020-01-23T10:12:04Z,Mi8LYCz4bQM,2020-01-23
UCyh91eTE9jA3ykg8W3_v3DQ,衛生福利部疾病管制署,2020/5/22 15:00 中央流行疫情指揮中心嚴重特殊傳染性肺炎記者會,2020-05-22T07:55:03Z,hvvFrFs3BT0,2020-05-22
UCyh91eTE9jA3ykg8W3_v3DQ,衛生福利部疾病管制署,2020/4/29 14:00 中央流行疫情指揮中心嚴重特殊傳染性肺炎記者會,2020-04-29T07:00:50Z,Xd4J_jLL88o,2020-04-29
UCyh91eTE9jA3ykg8W3_v3DQ,衛生福利部疾病管制署,2020/2/17 21:30 中央流行疫情指揮中心嚴重特殊傳染性肺炎記者會,2020-02-17T15:12:05Z,Ce3DJoHHsOM,2020-02-17
UCyh91eTE9jA3ykg8W3_v3DQ,衛生福利部疾病管制署,2021/2/22 14:00 中央流行疫情指揮中心嚴重特殊傳染性肺炎記者會,2021-02-22T06:26:34Z,m-kYYNP05Kw,2021-02-22
UCyh91eTE9jA3ykg8W3_v3DQ,衛生福利部疾病管制署,2021/2/1 10:30 中央流行疫情指揮中心嚴重特殊傳染性肺炎記者會,2021-02-01T02:53:10Z,wxN_mVrt-x0,2021-02-01
UCyh91eTE9jA3ykg8W3_v3DQ,衛生福利部疾病管制署,2021/2/23 14:00 中央流行疫情指揮中心嚴重特殊傳染性肺炎記者會,2021-02-23T06:44:18Z,D1trhYxmXZc,2021-02-23
UCyh91eTE9jA3ykg8W3_v3DQ,衛生福利部疾病管制署,2020/4/28 14:00 中央流行疫情指揮中心嚴重特殊傳染性肺炎記者會,2020-04-28T07:17:29Z,jes0Lu_dlKk,2020-04-28
UCyh91eTE9jA3ykg8W3_v3DQ,衛生福利部疾病管制署,2020/1/22 中央流行疫情指揮中心嚴重特殊傳染性肺炎記者會,2020-01-22T06:37:23Z,loiDkBr4xs0,2020-01-22
UCyh91eTE9jA3ykg8W3_v3DQ,衛生福利部疾病管制署,2020/2/4 中央流行疫情指揮中心嚴重特殊傳染性肺炎記者會,2020-02-04T01:57:36Z,8FmHi-vYNo8,2020-02-04
UCyh91eTE9jA3ykg8W3_v3DQ,衛生福利部疾病管制署,2020/4/22 14:00 中央流行疫情指揮中心嚴重特殊傳染性肺炎記者會,2020-04-22T07:11:59Z,olfETh6k7go,2020-04-22
UCyh91eTE9jA3ykg8W3_v3DQ,衛生福利部疾病管制署,2020/11/25 14:00 中央流行疫情指揮中心嚴重特殊傳染性肺炎記者會,2020-11-25T06:46:46Z,hogf_iNVgUE,2020-11-25
UCyh91eTE9jA3ykg8W3_v3DQ,衛生福利部疾病管制署,2020/1/26 中央流行疫情指揮中心嚴重特殊傳染性肺炎記者會,2020-01-26T03:56:50Z,CF1ElF-uxz4,2020-01-26
UCyh91eTE9jA3ykg8W3_v3DQ,衛生福利部疾病管制署,2021/2/24 14:00 中央流行疫情指揮中心嚴重特殊傳染性肺炎記者會,2021-02-24T06:45:28Z,XURNdbK6bCg,2021-02-24
UCyh91eTE9jA3ykg8W3_v3DQ,衛生福利部疾病管制署,2020/4/20 14:00 中央流行疫情指揮中心嚴重特殊傳染性肺炎記者會,2020-04-20T07:06:16Z,ivy1CdaNR-I,2020-04-20
UCyh91eTE9jA3ykg8W3_v3DQ,衛生福利部疾病管制署,2021/2/10 14:00 中央流行疫情指揮中心嚴重特殊傳染性肺炎記者會,2021-02-10T06:59:18Z,xbY385ho6lo,2021-02-10
UCyh91eTE9jA3ykg8W3_v3DQ,衛生福利部疾病管制署,2020/2/13 14:00 中央流行疫情指揮中心嚴重特殊傳染性肺炎記者會,2020-02-13T07:06:26Z,__I0BiTe6Us,2020-02-13
UCyh91eTE9jA3ykg8W3_v3DQ,衛生福利部疾病管制署,2020/4/13 14:00 中央流行疫情指揮中心嚴重特殊傳染性肺炎記者會,2020-04-13T07:14:49Z,p5Qrq85Nfrc,2020-04-13
UCyh91eTE9jA3ykg8W3_v3DQ,衛生福利部疾病管制署,2020/11/4 14:00 中央流行疫情指揮中心嚴重特殊傳染性肺炎記者會,2020-11-04T06:23:53Z,6Zy4sl2ZWPM,2020-11-04
UCyh91eTE9jA3ykg8W3_v3DQ,衛生福利部疾病管制署,2020/4/23 14:00 中央流行疫情指揮中心嚴重特殊傳染性肺炎記者會,2020-04-23T07:15:11Z,qOw0_pyhkBY,2020-04-23
UCyh91eTE9jA3ykg8W3_v3DQ,衛生福利部疾病管制署,2020/6/24 14:00 中央流行疫情指揮中心嚴重特殊傳染性肺炎記者會,2020-06-24T06:35:08Z,cIp0TiuJ6rc,2020-06-24
UCyh91eTE9jA3ykg8W3_v3DQ,衛生福利部疾病管制署,2020/4/25 14:00 中央流行疫情指揮中心嚴重特殊傳染性肺炎記者會,2020-04-25T07:05:24Z,5vpRe_8nr3I,2020-04-25
UCyh91eTE9jA3ykg8W3_v3DQ,衛生福利部疾病管制署,2020/3/30 14:00 中央流行疫情指揮中心嚴重特殊傳染性肺炎記者會,2020-03-30T07:34:45Z,iYDXC7xZSnA,2020-03-30
UCyh91eTE9jA3ykg8W3_v3DQ,衛生福利部疾病管制署,2020/5/16 14:00 中央流行疫情指揮中心嚴重特殊傳染性肺炎記者會,2020-05-16T06:24:49Z,XJ6BomkmzPo,2020-05-16
UCyh91eTE9jA3ykg8W3_v3DQ,衛生福利部疾病管制署,2020/1/28 中央流行疫情指揮中心嚴重特殊傳染性肺炎記者會,2020-01-28T12:33:50Z,99Kkno_D36I,2020-01-28
UCyh91eTE9jA3ykg8W3_v3DQ,衛生福利部疾病管制署,2020/3/7 14:00 中央流行疫情指揮中心嚴重特殊傳染性肺炎記者會,2020-03-07T07:28:03Z,IdySlEhRYfg,2020-03-07
UCyh91eTE9jA3ykg8W3_v3DQ,衛生福利部疾病管制署,2020/4/18 14:00 中央流行疫情指揮中心嚴重特殊傳染性肺炎記者會,2020-04-18T07:12:05Z,v1ellQ2cV4Y,2020-04-18
UCyh91eTE9jA3ykg8W3_v3DQ,衛生福利部疾病管制署,2020/6/6 14:00 中央流行疫情指揮中心嚴重特殊傳染性肺炎記者會,2020-06-06T07:23:38Z,EdA8dov0yd4,2020-06-06
UCyh91eTE9jA3ykg8W3_v3DQ,衛生福利部疾病管制署,2020/8/1 14:00 中央流行疫情指揮中心嚴重特殊傳染性肺炎記者會,2020-08-01T06:30:09Z,NAJ679JvAZM,2020-08-01
UCyh91eTE9jA3ykg8W3_v3DQ,衛生福利部疾病管制署,2021/2/21 14:00 中央流行疫情指揮中心嚴重特殊傳染性肺炎記者會,2021-02-21T06:58:54Z,Am4ClAslHMI,2021-02-21
UCyh91eTE9jA3ykg8W3_v3DQ,衛生福利部疾病管制署,2020/7/1 14:00 中央流行疫情指揮中心嚴重特殊傳染性肺炎記者會,2020-07-01T07:11:59Z,rkQ10Lyfs7M,2020-07-01
UCyh91eTE9jA3ykg8W3_v3DQ,衛生福利部疾病管制署,2020/2/23 14:00 中央流行疫情指揮中心嚴重特殊傳染性肺炎記者會,2020-02-23T07:01:31Z,2AcJf0B4bHU,2020-02-23
UCyh91eTE9jA3ykg8W3_v3DQ,衛生福利部疾病管制署,2020/8/9 14:00 中央流行疫情指揮中心嚴重特殊傳染性肺炎記者會,2020-08-09T06:26:20Z,95l-VB5-PQs,2020-08-09
UCyh91eTE9jA3ykg8W3_v3DQ,衛生福利部疾病管制署,2020/4/12 14:00 中央流行疫情指揮中心嚴重特殊傳染性肺炎記者會,2020-04-12T07:16:20Z,Urj6sHb5bTw,2020-04-12
UCyh91eTE9jA3ykg8W3_v3DQ,衛生福利部疾病管制署,2021/1/24 18:30 中央流行疫情指揮中心嚴重特殊傳染性肺炎記者會,2021-01-24T10:48:15Z,RdZRlFzXA44,2021-01-24
UCyh91eTE9jA3ykg8W3_v3DQ,衛生福利部疾病管制署,2020/3/27 14:00 中央流行疫情指揮中心嚴重特殊傳染性肺炎記者會,2020-03-27T07:40:19Z,o-ItneU1okI,2020-03-27
UCyh91eTE9jA3ykg8W3_v3DQ,衛生福利部疾病管制署,2020/3/28 14:00 中央流行疫情指揮中心嚴重特殊傳染性肺炎記者會,2020-03-28T07:39:45Z,_u28Xqg9B0U,2020-03-28
UCyh91eTE9jA3ykg8W3_v3DQ,衛生福利部疾病管制署,2021/2/16 14:00 中央流行疫情指揮中心嚴重特殊傳染性肺炎記者會,2021-02-16T06:23:56Z,hT2W-HeuwmY,2021-02-16
UCyh91eTE9jA3ykg8W3_v3DQ,衛生福利部疾病管制署,2020/10/14 14:00 中央流行疫情指揮中心嚴重特殊傳染性肺炎記者會,2020-10-14T06:53:20Z,7ibcEttw4-g,2020-10-14
UCyh91eTE9jA3ykg8W3_v3DQ,衛生福利部疾病管制署,2020/2/11 14:00 中央流行疫情指揮中心嚴重特殊傳染性肺炎記者會,2020-02-11T06:50:07Z,omjq2cf6fVg,2020-02-11
UCyh91eTE9jA3ykg8W3_v3DQ,衛生福利部疾病管制署,2020/5/31 13:00 中央流行疫情指揮中心嚴重特殊傳染性肺炎記者會,2020-05-31T05:29:25Z,IXf8SbeBvyE,2020-05-31
UCyh91eTE9jA3ykg8W3_v3DQ,衛生福利部疾病管制署,2020/8/19 14:00 中央流行疫情指揮中心嚴重特殊傳染性肺炎記者會,2020-08-19T07:32:44Z,k11ssWgQWQw,2020-08-19
UCyh91eTE9jA3ykg8W3_v3DQ,衛生福利部疾病管制署,2020/4/30 14:00 中央流行疫情指揮中心嚴重特殊傳染性肺炎記者會,2020-04-30T06:50:20Z,vRiSs4m5RhM,2020-04-30
UCyh91eTE9jA3ykg8W3_v3DQ,衛生福利部疾病管制署,2020/5/14 14:00 中央流行疫情指揮中心嚴重特殊傳染性肺炎記者會,2020-05-14T06:33:37Z,JLpwduBYCYg,2020-05-14
UCyh91eTE9jA3ykg8W3_v3DQ,衛生福利部疾病管制署,2020/9/9 14:00 中央流行疫情指揮中心嚴重特殊傳染性肺炎記者會,2020-09-09T06:37:32Z,WnFX06oUHHY,2020-09-09
UCyh91eTE9jA3ykg8W3_v3DQ,衛生福利部疾病管制署,2021/3/4 14:00 中央流行疫情指揮中心嚴重特殊傳染性肺炎記者會,2021-03-04T06:29:07Z,yQDlzXmtxfg,2021-03-04
UCyh91eTE9jA3ykg8W3_v3DQ,衛生福利部疾病管制署,2020/4/1 14:00 中央流行疫情指揮中心嚴重特殊傳染性肺炎記者會,2020-04-01T07:49:45Z,9pV1JEbhomM,2020-04-01
UCyh91eTE9jA3ykg8W3_v3DQ,衛生福利部疾病管制署,2021/1/23 14:00 中央流行疫情指揮中心嚴重特殊傳染性肺炎記者會,2021-01-23T06:57:42Z,WOs5ugvAJwI,2021-01-23
UCyh91eTE9jA3ykg8W3_v3DQ,衛生福利部疾病管制署,2020/12/22 13:30 中央流行疫情指揮中心嚴重特殊傳染性肺炎記者會,2020-12-22T05:58:50Z,lyHIDo56oLk,2020-12-22
UCyh91eTE9jA3ykg8W3_v3DQ,衛生福利部疾病管制署,2020/2/25 13:30 中央流行疫情指揮中心嚴重特殊傳染性肺炎記者會,2020-02-25T06:39:11Z,l1q6usKZwCU,2020-02-25
UCyh91eTE9jA3ykg8W3_v3DQ,衛生福利部疾病管制署,2020/7/8 14:00 中央流行疫情指揮中心嚴重特殊傳染性肺炎記者會,2020-07-08T07:09:32Z,dDXF8Wxobbk,2020-07-08
UCyh91eTE9jA3ykg8W3_v3DQ,衛生福利部疾病管制署,2020/3/10 13:30 中央流行疫情指揮中心嚴重特殊傳染性肺炎記者會,2020-03-10T06:53:24Z,u4mvmUdhrOc,2020-03-10
UCyh91eTE9jA3ykg8W3_v3DQ,衛生福利部疾病管制署,2020/3/21 14:00 中央流行疫情指揮中心嚴重特殊傳染性肺炎記者會,2020-03-21T07:44:15Z,G5i_3NWqr68,2020-03-21
UCyh91eTE9jA3ykg8W3_v3DQ,衛生福利部疾病管制署,2020/1/30 中央流行疫情指揮中心嚴重特殊傳染性肺炎記者會,2020-01-30T10:05:50Z,OhhAFy6-S6M,2020-01-30
UCyh91eTE9jA3ykg8W3_v3DQ,衛生福利部疾病管制署,2020/8/22 14:00 中央流行疫情指揮中心嚴重特殊傳染性肺炎記者會,2020-08-22T06:49:10Z,LbyQ6UUFW6A,2020-08-22
UCyh91eTE9jA3ykg8W3_v3DQ,衛生福利部疾病管制署,2021/2/27 14:00 中央流行疫情指揮中心嚴重特殊傳染性肺炎記者會,2021-02-27T06:53:14Z,UNEWkc73Bks,2021-02-27
UCyh91eTE9jA3ykg8W3_v3DQ,衛生福利部疾病管制署,2021/3/6 14:00 中央流行疫情指揮中心嚴重特殊傳染性肺炎記者會,2021-03-06T06:29:04Z,adeGlx_ukFo,2021-03-06
UCyh91eTE9jA3ykg8W3_v3DQ,衛生福利部疾病管制署,2020/4/21 14:00 中央流行疫情指揮中心嚴重特殊傳染性肺炎記者會,2020-04-21T07:47:06Z,DV9yBNL-Tvg,2020-04-21
UCyh91eTE9jA3ykg8W3_v3DQ,衛生福利部疾病管制署,2020/8/5 14:00 中央流行疫情指揮中心嚴重特殊傳染性肺炎記者會,2020-08-05T06:58:17Z,tiKd0D6W-rs,2020-08-05
UCyh91eTE9jA3ykg8W3_v3DQ,衛生福利部疾病管制署,2021/1/25 14:00 中央流行疫情指揮中心嚴重特殊傳染性肺炎記者會,2021-01-25T07:11:25Z,x9JY6YySOa4,2021-01-25
UCyh91eTE9jA3ykg8W3_v3DQ,衛生福利部疾病管制署,2020/4/16 14:00 中央流行疫情指揮中心嚴重特殊傳染性肺炎記者會,2020-04-16T07:01:35Z,DSMyGqRM3dE,2020-04-16
UCyh91eTE9jA3ykg8W3_v3DQ,衛生福利部疾病管制署,2020/6/5 13:00 中央流行疫情指揮中心嚴重特殊傳染性肺炎記者會,2020-06-05T05:44:19Z,BziNVl1Ysps,2020-06-05
UCyh91eTE9jA3ykg8W3_v3DQ,衛生福利部疾病管制署,2020/2/11 19:00 中央流行疫情指揮中心嚴重特殊傳染性肺炎記者會,2020-02-11T12:04:14Z,cBdPsHpOkG4,2020-02-11
UCyh91eTE9jA3ykg8W3_v3DQ,衛生福利部疾病管制署,2020/7/22 14:00 中央流行疫情指揮中心嚴重特殊傳染性肺炎記者會,2020-07-22T06:56:38Z,3tA9EOUChHU,2020-07-22
UCyh91eTE9jA3ykg8W3_v3DQ,衛生福利部疾病管制署,2020/12/2 14:00 中央流行疫情指揮中心嚴重特殊傳染性肺炎記者會,2020-12-02T06:43:27Z,ZcoqOYvKUpQ,2020-12-02
UCyh91eTE9jA3ykg8W3_v3DQ,衛生福利部疾病管制署,2020/4/11 14:00 中央流行疫情指揮中心嚴重特殊傳染性肺炎記者會,2020-04-11T07:23:55Z,f1Fw-u1VzAc,2020-04-11
UCyh91eTE9jA3ykg8W3_v3DQ,衛生福利部疾病管制署,2020/5/4 14:00 中央流行疫情指揮中心嚴重特殊傳染性肺炎記者會,2020-05-04T07:07:30Z,3sNFcQChw28,2020-05-04
UCyh91eTE9jA3ykg8W3_v3DQ,衛生福利部疾病管制署,2020/7/29 14:00 中央流行疫情指揮中心嚴重特殊傳染性肺炎記者會,2020-07-29T06:49:45Z,uXVITBL-xo4,2020-07-29
UCyh91eTE9jA3ykg8W3_v3DQ,衛生福利部疾病管制署,2020/1/29 中央流行疫情指揮中心嚴重特殊傳染性肺炎專家說明會,2020-01-29T09:16:08Z,T8QD3v2puxQ,2020-01-29
UCyh91eTE9jA3ykg8W3_v3DQ,衛生福利部疾病管制署,2020/4/7 14:00 中央流行疫情指揮中心嚴重特殊傳染性肺炎記者會,2020-04-07T07:34:01Z,o8ddinBoSTE,2020-04-07
UCyh91eTE9jA3ykg8W3_v3DQ,衛生福利部疾病管制署,2020/2/3 中央流行疫情指揮中心嚴重特殊傳染性肺炎記者會,2020-02-03T13:32:03Z,2cRJ06GjwbA,2020-02-03
UCyh91eTE9jA3ykg8W3_v3DQ,衛生福利部疾病管制署,2020/2/18 17:30 中央流行疫情指揮中心嚴重特殊傳染性肺炎記者會,2020-02-18T10:21:50Z,UGAMuMnHZfE,2020-02-18
UCyh91eTE9jA3ykg8W3_v3DQ,衛生福利部疾病管制署,2021/1/21 14:00 中央流行疫情指揮中心嚴重特殊傳染性肺炎記者會,2021-01-21T06:56:04Z,qedLpYewYnA,2021-01-21
UCyh91eTE9jA3ykg8W3_v3DQ,衛生福利部疾病管制署,2020/2/2 中央流行疫情指揮中心嚴重特殊傳染性肺炎記者會,2020-02-02T09:26:30Z,RRRKHm1fRuk,2020-02-02
UCyh91eTE9jA3ykg8W3_v3DQ,衛生福利部疾病管制署,2020/1/27 中央流行疫情指揮中心嚴重特殊傳染性肺炎記者會,2020-01-27T06:42:57Z,bCPLKgdOHYQ,2020-01-27
UCyh91eTE9jA3ykg8W3_v3DQ,衛生福利部疾病管制署,2020/2/16 18:00 中央流行疫情指揮中心嚴重特殊傳染性肺炎記者會,2020-02-16T11:30:57Z,43xPMaylHqE,2020-02-16
UCyh91eTE9jA3ykg8W3_v3DQ,衛生福利部疾病管制署,2021/1/26 14:00 中央流行疫情指揮中心嚴重特殊傳染性肺炎記者會,2021-01-26T06:56:18Z,DS7jfJ78Hw4,2021-01-26
UCyh91eTE9jA3ykg8W3_v3DQ,衛生福利部疾病管制署,2020/10/28 14:00 中央流行疫情指揮中心嚴重特殊傳染性肺炎記者會,2020-10-28T06:34:07Z,J4Q_aCOWDLs,2020-10-28
UCyh91eTE9jA3ykg8W3_v3DQ,衛生福利部疾病管制署,2020/12/30 13:30 中央流行疫情指揮中心嚴重特殊傳染性肺炎記者會,2020-12-30T07:57:45Z,rDDLFdb6-CU,2020-12-30
UCyh91eTE9jA3ykg8W3_v3DQ,衛生福利部疾病管制署,2020/3/5 22:10 中央流行疫情指揮中心嚴重特殊傳染性肺炎記者會,2020-03-05T15:12:31Z,QSJ4EjSKmh4,2020-03-05
UCyh91eTE9jA3ykg8W3_v3DQ,衛生福利部疾病管制署,2020/5/6 14:00 中央流行疫情指揮中心嚴重特殊傳染性肺炎記者會,2020-05-06T06:43:30Z,ONeEoT7MbpI,2020-05-06
UCyh91eTE9jA3ykg8W3_v3DQ,衛生福利部疾病管制署,2021/2/28 14:00 中央流行疫情指揮中心嚴重特殊傳染性肺炎記者會,2021-02-28T06:19:44Z,WcaszZUu66Q,2021-02-28
UCyh91eTE9jA3ykg8W3_v3DQ,衛生福利部疾病管制署,2020/10/21 14:00 中央流行疫情指揮中心嚴重特殊傳染性肺炎記者會,2020-10-21T06:58:58Z,wu1lkorXhJ0,2020-10-21
UCyh91eTE9jA3ykg8W3_v3DQ,衛生福利部疾病管制署,2020/2/1 中央流行疫情指揮中心嚴重特殊傳染性肺炎記者會,2020-02-01T12:53:34Z,7-ICEmHiyLs,2020-02-01
UCyh91eTE9jA3ykg8W3_v3DQ,衛生福利部疾病管制署,2020/2/24  16:30 中央流行疫情指揮中心嚴重特殊傳染性肺炎記者會,2020-02-24T10:03:43Z,LlHbmb70QdQ,2020-02-24
UCyh91eTE9jA3ykg8W3_v3DQ,衛生福利部疾病管制署,2020/3/13 14:00 中央流行疫情指揮中心嚴重特殊傳染性肺炎記者會,2020-03-13T06:59:15Z,WkuS3PchDAo,2020-03-13
UCyh91eTE9jA3ykg8W3_v3DQ,衛生福利部疾病管制署,2020/6/4 14:00 中央流行疫情指揮中心嚴重特殊傳染性肺炎記者會,2020-06-04T06:33:34Z,Rzl68NKWC8Q,2020-06-04
UCyh91eTE9jA3ykg8W3_v3DQ,衛生福利部疾病管制署,2021/2/3 14:00 中央流行疫情指揮中心嚴重特殊傳染性肺炎記者會,2021-02-03T07:20:50Z,T3sglQlhcQM,2021-02-03
UCyh91eTE9jA3ykg8W3_v3DQ,衛生福利部疾病管制署,2020/5/28 14:00 中央流行疫情指揮中心嚴重特殊傳染性肺炎記者會,2020-05-28T06:28:16Z,V_ZroMaPy30,2020-05-28
UCyh91eTE9jA3ykg8W3_v3DQ,衛生福利部疾病管制署,2020/1/28 中央流行疫情指揮中心嚴重特殊傳染性肺炎記者會,2020-01-28T07:09:32Z,ZYcUE39fxK4,2020-01-28
UCyh91eTE9jA3ykg8W3_v3DQ,衛生福利部疾病管制署,2020/11/16 14:00 中央流行疫情指揮中心嚴重特殊傳染性肺炎記者會,2020-11-16T06:11:51Z,Bxsw8xnOXc4,2020-11-16
UCyh91eTE9jA3ykg8W3_v3DQ,衛生福利部疾病管制署,2020/8/12 14:00 中央流行疫情指揮中心嚴重特殊傳染性肺炎記者會,2020-08-12T06:40:27Z,zYAIkj72t8Q,2020-08-12
UCyh91eTE9jA3ykg8W3_v3DQ,衛生福利部疾病管制署,2020/2/12 13:00 中央流行疫情指揮中心嚴重特殊傳染性肺炎記者會,2020-02-12T05:47:20Z,uUUEPXjVJC4,2020-02-12
UCyh91eTE9jA3ykg8W3_v3DQ,衛生福利部疾病管制署,2020/2/19 15:00 中央流行疫情指揮中心嚴重特殊傳染性肺炎記者會,2020-02-19T07:59:31Z,72nVIuhvYQQ,2020-02-19
UCyh91eTE9jA3ykg8W3_v3DQ,衛生福利部疾病管制署,2020/11/18 14:00 中央流行疫情指揮中心嚴重特殊傳染性肺炎記者會,2020-11-18T07:09:41Z,cp6wHBaUux4,2020-11-18
UCyh91eTE9jA3ykg8W3_v3DQ,衛生福利部疾病管制署,2021/1/30 14:00 中央流行疫情指揮中心嚴重特殊傳染性肺炎記者會,2021-01-30T06:49:02Z,jF0RpG7y0bg,2021-01-30
UCyh91eTE9jA3ykg8W3_v3DQ,衛生福利部疾病管制署,2020/3/19 14:00 中央流行疫情指揮中心嚴重特殊傳染性肺炎記者會,2020-03-19T08:13:52Z,FufEBDL5-08,2020-03-19
UCyh91eTE9jA3ykg8W3_v3DQ,衛生福利部疾病管制署,2020/12/6 14:00 中央流行疫情指揮中心嚴重特殊傳染性肺炎記者會,2020-12-06T06:59:52Z,rsdwgN3SQck,2020-12-06
